question,answer
What is the best car brand?,It depends on individual preferences but some popular car brands include Toyota Honda and BMW.
What is the difference between a hybrid and electric car?,A hybrid car uses both a gasoline engine and an electric motor while an electric car runs solely on electricity.
How do I know if my car needs a tune-up?,Signs that your car may need a tune-up include decreased fuel efficiency unusual engine noises and decreased performance.
What is the average lifespan of a car?,The average lifespan of a car is around 8-10 years with proper maintenance.
What is the most fuel-efficient car?,The most fuel-efficient car varies depending on the model but some popular options include the Toyota Prius Honda Civic and Nissan Leaf.
What are the different car body styles?,The different car body styles include sedans hatchbacks coupes convertibles and SUVs.
What is the average cost of a car?,The average cost of a car varies depending on the make and model but it can range anywhere from $15000 to $100000 or more.
How often should I change the oil in my car?,You should typically change the oil in your car every 3000 to 5000 miles or every 6 months whichever comes first.
What are the most important car safety features?,The most important car safety features include airbags anti-lock brakes stability control and backup cameras.
What is the difference between all-wheel drive and front-wheel drive?,All-wheel drive sends power to all four wheels while front-wheel drive sends power only to the front wheels.
What are the different types of transmissions?,The different types of transmissions include manual automatic CVT and dual-clutch transmissions.
What is the purpose of a muffler?,The purpose of a muffler is to reduce the noise emitted by the exhaust system of a vehicle.
What is the difference between a coupe and a sedan?,A coupe is a two-door car while a sedan is a four-door car.
What is the difference between a hatchback and a sedan?,A hatchback is a car with a rear door that opens upwards while a sedan is a car with four doors and a separate trunk.
What is the difference between a wagon and an SUV?,A wagon is a car with a long roof and hatchback that is used for cargo or passengers while an SUV is a larger vehicle that is designed for off-road use.
What is the difference between a convertible and a coupe?,A convertible is a car with a retractable roof while a coupe is a car with two doors.
What is a turbocharger and what does it do?,A turbocharger is a device that increases the air pressure delivered to an internal combustion engine resulting in improved engine performance.
What is the difference between a front-wheel drive and a rear-wheel drive?,A front-wheel drive sends power to the front wheels while a rear-wheel drive sends power to the rear wheels.
What is the difference between a diesel engine and a gasoline engine?,A diesel engine uses compression to ignite the fuel while a gasoline engine uses a spark plug.
What is a catalytic converter and what does it do?,A catalytic converter is an emissions control device that reduces the toxicity of emissions from an internal combustion engine.
What are the different types of fuel?,The different types of fuel include gasoline diesel ethanol propane and electric.
What is a CVT and how does it work?,A CVT is a type of automatic transmission that uses a belt and pulley system to continuously vary the gear ratio.
